[
  {
    "id": "443948f6-4c83-48eb-8a5c-a0d15fecd4ff",
    "data": [
      {
        "text": "near doctors on this ",
        "userDefined": false
      },
      {
        "text": "pin code",
        "alias": "pincode",
        "meta": "@pincode",
        "userDefined": true
      }
    ],
    "isTemplate": false,
    "count": 0
  },
  {
    "id": "bc8b5d05-2a5c-4c24-8e3a-736234fb6270",
    "data": [
      {
        "text": "I want to know doctors on this ",
        "userDefined": false
      },
      {
        "text": "pin code",
        "alias": "pincode",
        "meta": "@pincode",
        "userDefined": true
      }
    ],
    "isTemplate": false,
    "count": 0
  },
  {
    "id": "16fb690c-5ee3-4a15-a666-131a0887b0e7",
    "data": [
      {
        "text": "doctors on this ",
        "userDefined": false
      },
      {
        "text": "pin code",
        "alias": "pincode",
        "meta": "@pincode",
        "userDefined": true
      }
    ],
    "isTemplate": false,
    "count": 0
  },
  {
    "id": "620873bb-cfd8-4fd9-99c7-dc480931d189",
    "data": [
      {
        "text": "what are the doctors on this ",
        "userDefined": false
      },
      {
        "text": "pin code",
        "alias": "pincode",
        "meta": "@pincode",
        "userDefined": true
      }
    ],
    "isTemplate": false,
    "count": 0
  },
  {
    "id": "cf9310e1-713d-4223-a334-bd1ae64e3341",
    "data": [
      {
        "text": "want to know doctors on pin code ",
        "userDefined": false
      },
      {
        "text": "110046",
        "alias": "number",
        "meta": "@sys.number",
        "userDefined": false
      }
    ],
    "isTemplate": false,
    "count": 0
  },
  {
    "id": "a9fcdafc-a03f-422a-b9f1-dfc9f55ccd88",
    "data": [
      {
        "text": "doctors on ",
        "userDefined": false
      },
      {
        "text": "pin code",
        "alias": "pincode",
        "meta": "@pincode",
        "userDefined": true
      },
      {
        "text": " ",
        "userDefined": false
      },
      {
        "text": "110046",
        "alias": "number",
        "meta": "@sys.number",
        "userDefined": true
      }
    ],
    "isTemplate": false,
    "count": 0
  }
]