[
  {
    "id": "5737c639-37d3-40c7-8dbd-43dd555b4201",
    "data": [
      {
        "text": "im having ",
        "userDefined": false
      },
      {
        "text": "acne",
        "alias": "acne",
        "meta": "@acne",
        "userDefined": true
      }
    ],
    "isTemplate": false,
    "count": 0
  },
  {
    "id": "aeaa61e8-d555-4799-b19a-c614d7cac324",
    "data": [
      {
        "text": "i am having ",
        "userDefined": false
      },
      {
        "text": "acne",
        "alias": "acne",
        "meta": "@acne",
        "userDefined": true
      }
    ],
    "isTemplate": false,
    "count": 0
  },
  {
    "id": "8f986c34-45c0-4431-91e5-d63485abac82",
    "data": [
      {
        "text": "im facing ",
        "userDefined": false
      },
      {
        "text": "acne",
        "alias": "acne",
        "meta": "@acne",
        "userDefined": true
      }
    ],
    "isTemplate": false,
    "count": 0
  },
  {
    "id": "90d1ae75-ac8a-408f-9ad6-a7933ac31447",
    "data": [
      {
        "text": "i am facing ",
        "userDefined": false
      },
      {
        "text": "acne",
        "alias": "acne",
        "meta": "@acne",
        "userDefined": true
      }
    ],
    "isTemplate": false,
    "count": 0
  }
]