[
  {
    "id": "602a893f-f947-46f9-919e-4080a272cdcf",
    "data": [
      {
        "text": "mujhe ",
        "userDefined": false
      },
      {
        "text": "Wedenesday",
        "alias": "date",
        "meta": "@sys.date",
        "userDefined": true
      },
      {
        "text": " ko ",
        "userDefined": false
      },
      {
        "text": "3pm",
        "alias": "time",
        "meta": "@sys.time",
        "userDefined": true
      },
      {
        "text": " ki appointment chaiye",
        "userDefined": false
      }
    ],
    "isTemplate": false,
    "count": 0
  }
]