[
  {
    "id": "9b9723e2-c249-4264-a75f-5b82bf7daf2e",
    "data": [
      {
        "text": "I would like to get an appointment ",
        "userDefined": false
      },
      {
        "text": "for 3 pm",
        "alias": "time",
        "meta": "@sys.time",
        "userDefined": true
      },
      {
        "text": " ",
        "userDefined": false
      },
      {
        "text": "on Tuesday",
        "alias": "date",
        "meta": "@sys.date",
        "userDefined": true
      }
    ],
    "isTemplate": false,
    "count": 0
  },
  {
    "id": "782b83cf-8c62-4c22-a645-973be661128b",
    "data": [
      {
        "text": "set an appointment ",
        "userDefined": false
      },
      {
        "text": "on Wednesday",
        "alias": "date",
        "meta": "@sys.date",
        "userDefined": true
      },
      {
        "text": " ",
        "userDefined": false
      },
      {
        "text": "at 2pm",
        "alias": "time",
        "meta": "@sys.time",
        "userDefined": true
      }
    ],
    "isTemplate": false,
    "count": 0
  }
]