[
  {
    "id": "e6b5db79-5573-43cf-b5bb-0408e761a181",
    "data": [
      {
        "text": "what can u do for me?",
        "userDefined": false
      }
    ],
    "isTemplate": false,
    "count": 0
  },
  {
    "id": "ad75fce1-7673-4f3e-b3dd-5770154e206b",
    "data": [
      {
        "text": "what can u do?",
        "userDefined": false
      }
    ],
    "isTemplate": false,
    "count": 0
  },
  {
    "id": "fb0c7a20-90f7-438a-af28-622afe83a5b5",
    "data": [
      {
        "text": "what can u do",
        "userDefined": false
      }
    ],
    "isTemplate": false,
    "count": 0
  },
  {
    "id": "acdcba54-ed65-48fe-9d8a-ddd554e4cbc9",
    "data": [
      {
        "text": "what can you do for me",
        "userDefined": false
      }
    ],
    "isTemplate": false,
    "count": 0
  },
  {
    "id": "dc51b4c0-fcfa-4c73-b691-38d6b17ec88d",
    "data": [
      {
        "text": "what can you do",
        "userDefined": false
      }
    ],
    "isTemplate": false,
    "count": 0
  },
  {
    "id": "e979241f-a365-43cb-89fa-e62f7913d36d",
    "data": [
      {
        "text": "what can you do?",
        "userDefined": false
      }
    ],
    "isTemplate": false,
    "count": 0
  }
]