[
  {
    "id": "c33c872e-4f5b-4270-bf28-79e6370807e4",
    "data": [
      {
        "text": "best ",
        "userDefined": false
      },
      {
        "text": "doctors",
        "alias": "health",
        "meta": "@health",
        "userDefined": true
      },
      {
        "text": " near my location",
        "userDefined": false
      }
    ],
    "isTemplate": false,
    "count": 0
  },
  {
    "id": "ba2125c0-d974-451a-8bc3-e2bb8281c7dc",
    "data": [
      {
        "text": "doctor",
        "alias": "health",
        "meta": "@health",
        "userDefined": true
      },
      {
        "text": " near me",
        "userDefined": false
      }
    ],
    "isTemplate": false,
    "count": 0
  },
  {
    "id": "f57a6ec1-7900-4996-ab2c-1e2891d9aef6",
    "data": [
      {
        "text": "doctors",
        "alias": "health",
        "meta": "@health",
        "userDefined": true
      },
      {
        "text": " my ",
        "userDefined": false
      },
      {
        "text": "location",
        "meta": "@sys.ignore",
        "userDefined": true
      },
      {
        "text": ".",
        "userDefined": false
      }
    ],
    "isTemplate": false,
    "count": 0
  },
  {
    "id": "33d4bcbc-7cc9-4942-b1c9-d2f68d95a318",
    "data": [
      {
        "text": "doctors",
        "alias": "health",
        "meta": "@health",
        "userDefined": true
      },
      {
        "text": " near me",
        "userDefined": false
      }
    ],
    "isTemplate": false,
    "count": 0
  },
  {
    "id": "11190674-fcdf-4ba3-8e12-6d896e703172",
    "data": [
      {
        "text": "best ",
        "userDefined": false
      },
      {
        "text": "doctors",
        "alias": "health",
        "meta": "@health",
        "userDefined": true
      },
      {
        "text": " near me",
        "userDefined": false
      }
    ],
    "isTemplate": false,
    "count": 0
  }
]