[
  {
    "id": "7c46d510-4c34-4705-a286-27746078107f",
    "data": [
      {
        "text": "hospitals",
        "userDefined": false
      }
    ],
    "isTemplate": false,
    "count": 0
  },
  {
    "id": "8e141651-6b2e-4378-a1a5-a1a56c984d2a",
    "data": [
      {
        "text": "best hospitals near me",
        "userDefined": false
      }
    ],
    "isTemplate": false,
    "count": 0
  },
  {
    "id": "3ce2886e-c47d-458f-be03-66439c283b4f",
    "data": [
      {
        "text": "hospital near me",
        "userDefined": false
      }
    ],
    "isTemplate": false,
    "count": 0
  },
  {
    "id": "3d20261b-1fc3-4553-9d80-90132145d069",
    "data": [
      {
        "text": "locate hospitals near me",
        "userDefined": false
      }
    ],
    "isTemplate": false,
    "count": 0
  }
]