[
  {
    "id": "ae3fa3d3-2e7f-4929-945c-1ff3f71bc1e9",
    "data": [
      {
        "text": "i have ",
        "userDefined": false
      },
      {
        "text": "stomach-infections",
        "alias": "stomach-infections",
        "meta": "@stomach-infections",
        "userDefined": true
      },
      {
        "text": " what can i do?",
        "userDefined": false
      }
    ],
    "isTemplate": false,
    "count": 0
  },
  {
    "id": "e81bcde2-a2d7-40cf-9472-649c37cd5e9d",
    "data": [
      {
        "text": "i have ",
        "userDefined": false
      },
      {
        "text": "stomach-infections",
        "alias": "stomach-infections",
        "meta": "@stomach-infections",
        "userDefined": true
      },
      {
        "text": " what can i do",
        "userDefined": false
      }
    ],
    "isTemplate": false,
    "count": 0
  },
  {
    "id": "39c5402c-80bb-4839-b9ac-228d065d6f4d",
    "data": [
      {
        "text": "i have ",
        "userDefined": false
      },
      {
        "text": "stomach-infections",
        "alias": "stomach-infections",
        "meta": "@stomach-infections",
        "userDefined": true
      }
    ],
    "isTemplate": false,
    "count": 0
  },
  {
    "id": "3bb95644-5cde-4065-ae61-2db3b53e85f2",
    "data": [
      {
        "text": "i am facing ",
        "userDefined": false
      },
      {
        "text": "stomach-infections",
        "alias": "stomach-infections",
        "meta": "@stomach-infections",
        "userDefined": true
      }
    ],
    "isTemplate": false,
    "count": 0
  },
  {
    "id": "8ae82337-bf5a-4033-82a2-89d8da8b0ada",
    "data": [
      {
        "text": "im facing ",
        "userDefined": false
      },
      {
        "text": "stomach-infections",
        "alias": "stomach-infections",
        "meta": "@stomach-infections",
        "userDefined": true
      }
    ],
    "isTemplate": false,
    "count": 0
  },
  {
    "id": "1c50ee24-b478-46df-a5c6-ef329afaffdc",
    "data": [
      {
        "text": "im having ",
        "userDefined": false
      },
      {
        "text": "stomach-infections",
        "alias": "stomach-infections",
        "meta": "@stomach-infections",
        "userDefined": true
      }
    ],
    "isTemplate": false,
    "count": 0
  },
  {
    "id": "478a4f32-b3db-4fca-a07e-91d9d03de496",
    "data": [
      {
        "text": "i am having ",
        "userDefined": false
      },
      {
        "text": "stomach-infections",
        "alias": "stomach-infections",
        "meta": "@stomach-infections",
        "userDefined": true
      }
    ],
    "isTemplate": false,
    "count": 0
  }
]